>>It’s a beautiful time to be alive and educated,http://yourstory.com/2015/01/beautiful-time-aliveeducated/<<
>>Let Silence Find Your Big Idea  #BigIdeas2015,http://yourstory.com/2015/01/bigideas-2015/<<
>>“Don’t agonise. Organise” – 100 quotes to inspire teachers, leaders and entrepreneurs!,http://yourstory.com/2015/01/100-quotes-inspire-teachers-leaders/<<
>>Challenges I face in getting schools ready to accept technology,http://yourstory.com/2015/01/challenges-tech-revolution/<<
>>6 things an Indian entrepreneur should hope for in this New Year,http://yourstory.com/2015/01/6-unavoidable-resolutions/<<
>>Jaaga and iSpirt get together to nurture young tech talent in India,http://yourstory.com/2015/01/jaaga-and-ispirt-rspct/<<
>>Building a product for India: a deep dive into how Ola was made,http://yourstory.com/2015/01/ola-hasrsha-kumar-mobilesparks/<<
>>Invent, scale, reinvent, thrive: 4 success steps for continuous innovation,http://yourstory.com/2015/01/invent-scale-reinvent-thrive/<<
>>The story of B P Baliga, the aviation pioneer, who spent over 50 years at Air India and Jet Airways,http://yourstory.com/2015/01/bp-baliga-air-india-jet-airways/<<
>>What are the preferences of an Indian mobile user? [Infographic],http://yourstory.com/2015/01/indian-mobile-user-preferences/<<
>>Venturesity uses hackathons to help startups fill quality talent gap,http://yourstory.com/2015/01/venturesity-hackathons/<<
>>75% of downloaded apps are not opened once! How to change this?,http://yourstory.com/2015/01/app-user-engagement-amit-somani/<<
>>Indian government asks blocking of Vimeo, GitHub and 30 other websites,http://yourstory.com/2014/12/government-asks-blocking-of-32-websites/<<
>>Top 14 Indian news makers of 2014,http://yourstory.com/2014/12/top-india-news-makers-year-2014/<<
>>Our learnings from 2014: a startup story,http://yourstory.com/2014/12/learnings-2014-startup/<<
>>Let us be happy in 2015,http://yourstory.com/2014/12/happiness-in-2015/<<
>>SuperProfs raises $3M Series A from Kalaari Capital and IDG Ventures,http://yourstory.com/2014/12/superprofs-series-a-kalaari-capital-idg-ventures/<<
>>Top Mobile Trends, Highlights and Milestones of 2014,http://yourstory.com/2014/12/top-mobile-trends-highlights-milestones-2014/<<
